API key issued,تم إصدار مفتاح API,
Account Password,كلمة مرور الحساب,
Additional Number,الرقم الإضافي,
Attempt No,رقم المحاولة,
Building Number,رقم المبنى,
CCSID issued,تم إصدار CCSID,
City ID,معرّف المدينة,
City Name (Arabic),اسم المدينة (عربي),
City Name (English),اسم المدينة (إنجليزي),
Cleared,تمت التسوية,
Compliance Result,نتيجة الامتثال,
Compliance checks passed,اجتازت فحوصات الامتثال,
Country Code,رمز الدولة,
District,الحي,
Environment,البيئة,
Error Message,رسالة الخطأ,
Fatoora OTP,رمز التحقق من فاتورة (OTP),
HTTP Status,حالة HTTP,
Invoice Type,نوع الفاتورة,
Is Active,نشط,
Last ICV,آخر ICV,
Last Renewal Reminder On,آخر تذكير بالتجديد في,
Legal Name (Arabic),الاسم القانوني (عربي),
Legal Name (English),الاسم القانوني (إنجليزي),
Onboarded On,تاريخ الإعداد,
Onboarding with ZATCA...,جارٍ الإعداد مع زاتكا...,
One-time password generated from the Fatoora portal for this EGS unit.,كلمة المرور لمرة واحدة المُولَّدة من بوابة فاتورة لوحدة EGS هذه.,
PCSID,PCSID,
PCSID Expires On (assumed),تاريخ انتهاء PCSID (مفترض),
PCSID Issued On,تاريخ إصدار PCSID,
PCSID Renewal Reminder (Days),تذكير تجديد PCSID (أيام),
PCSID Secret,سر PCSID,
POS Profile,ملف نقطة البيع,
Private Key,المفتاح الخاص,
Production CSID issued,تم إصدار CSID الإنتاج,
Production CSID renewed,تم تجديد CSID الإنتاج,
Registering with the ZATCA onboarding engine...,جارٍ التسجيل مع محرك إعداد زاتكا...,
Renew Production CSID,تجديد CSID الإنتاج,
Renewing production CSID...,جارٍ تجديد CSID الإنتاج...,
Reported,تم الإبلاغ,
Reported At,تاريخ الإبلاغ,
Request,الطلب,
Request Context (JSON),سياق الطلب (JSON),
Request Production CSID,طلب CSID الإنتاج,
Request URL,رابط الطلب,
Requesting production CSID...,جارٍ طلب CSID الإنتاج...,
Resend this exact request to ZATCA for {0} {1}?,هل تريد إعادة إرسال هذا الطلب بالضبط إلى زاتكا لـ {0} {1}؟,
Response,الاستجابة,
Response Payload (JSON),بيانات الاستجابة (JSON),
Retry,إعادة المحاولة,
Retrying ZATCA submission...,جارٍ إعادة محاولة الإرسال إلى زاتكا...,
Run Compliance Checks,تشغيل فحوصات الامتثال,
Running ZATCA compliance checks...,جارٍ تشغيل فحوصات امتثال زاتكا...,
Sign Up,التسجيل,
Signing Credentials,بيانات اعتماد التوقيع,
Signing credentials synced,تمت مزامنة بيانات اعتماد التوقيع,
Stamp ID,معرّف الختم,
Start Onboarding,بدء الإعداد,
Still failed: {0},ما زال فاشلاً: {0},
Street Name,اسم الشارع,
Submit,إرسال,
Subscriber Details,تفاصيل المشترك,
Sync Cities,مزامنة المدن,
Sync Credentials,مزامنة بيانات الاعتماد,
Synced {0} cities,تمت مزامنة {0} مدينة,
Syncing cities from the ZATCA onboarding engine...,جارٍ مزامنة المدن من محرك إعداد زاتكا...,
Syncing signing credentials from the engine...,جارٍ مزامنة بيانات اعتماد التوقيع من المحرك...,
Transaction Type,نوع المعاملة,
Validation Status,حالة التحقق,
ZATCA,زاتكا,
ZATCA City,مدينة زاتكا,
ZATCA Code,رمز زاتكا,
ZATCA EGS Unit,وحدة زاتكا EGS,
ZATCA Integration,تكامل زاتكا,
ZATCA Invoice Log,سجل فواتير زاتكا,
ZATCA Settings,إعدادات زاتكا,
ZATCA Status,حالة زاتكا,
{0} successfully,{0} بنجاح,
